id,uuid,tenant_uuid,cloud_user_uuid,reference_id,status
2,19718ca9-57d8-4b58-a4de-a55ab5ac2af5,8a38dc4b-1555-4e4f-8678-2233e57f6d53,ee282600-165b-4778-8d71-663dc91a12ea,B1urEgHLb,1
3,d3209aea-3e37-4f2b-9488-34bc0fbe7d62,8a38dc4b-1555-4e4f-8678-2233e57f6d53,156ebbfd-f998-4003-8aa6-b48b369b0970,Bye_S4erIZ,1
4,f2321058-bafe-492d-ad52-ac244b39c650,8a38dc4b-1555-4e4f-8678-2233e57f6d53,341f18fc-ec76-45ac-b188-3a504954f380,ByZOSNlSUW,1
5,5397c79d-50f6-4457-a799-ae7d74fd10cf,8a38dc4b-1555-4e4f-8678-2233e57f6d53,180add20-d496-4b10-b0ed-7f0ce56e963f,S1GuBEgHL-,1
6,a583379a-af82-4037-aa8a-5c3a41e49a98,8a38dc4b-1555-4e4f-8678-2233e57f6d53,423733e1-bebd-4775-bf1c-4e02967c1a5e,rJ7OSVlSI-,1
7,9f249891-7d79-407d-ad28-130a8e078c5f,8a38dc4b-1555-4e4f-8678-2233e57f6d53,68a95c51-b082-49cb-9d57-3be0fed38760,SkE_rVxBLb,1
8,6ff9356b-0c9f-4e01-b921-53e359afa834,8a38dc4b-1555-4e4f-8678-2233e57f6d53,aee297c0-b141-41bf-939f-731d03862424,HkrOH4lr8Z,1
9,5817ccd0-4bcd-4fe3-a89d-f7ed5f0a327a,8a38dc4b-1555-4e4f-8678-2233e57f6d53,4aaf225b-052a-41c3-8504-05f43a9f1e20,HyIdHExSLb,1
10,e7068585-34ba-436e-be2d-7403080398da,8a38dc4b-1555-4e4f-8678-2233e57f6d53,abc59e46-f355-4277-9e79-29fc67b0809d,BJD_H4eBL-,1
11,74dd6098-a361-4b0a-ad1b-c403f2f65980,8a38dc4b-1555-4e4f-8678-2233e57f6d53,9e1c0a72-6843-4259-8ace-32328eae9729,r1udSNgBUZ,1
12,b23edadf-da4a-477e-915f-0781f4a104be,8a38dc4b-1555-4e4f-8678-2233e57f6d53,9acb74bb-2dc6-4292-8925-baa62e610f7a,S1tdSNgSLZ,1
13,bbe157e7-4e88-4a2e-934f-a97e8c8b99fb,8a38dc4b-1555-4e4f-8678-2233e57f6d53,b76285c7-992c-4a38-baa9-24e5c86e67fc,SJ9dSVeSUW,1
14,4e3d16d0-f6b8-4fc0-b133-decb6a2ae3cc,8a38dc4b-1555-4e4f-8678-2233e57f6d53,3960fc6f-7ddd-4f79-a1b8-b053d3e5e5b3,H1sdSNlBLW,1
15,2d55a19a-d875-4a5d-a931-cb49e9fcfeb2,8a38dc4b-1555-4e4f-8678-2233e57f6d53,c208467a-495f-4508-af1c-e48115f6ea3a,SJ3_rNlrIZ,1
16,43106ec0-aa5e-479e-a585-2b5fde91961f,8a38dc4b-1555-4e4f-8678-2233e57f6d53,ba7a6a7f-c3fb-4a03-8fda-ed5293939bdb,rJpuB4lBU-,1
17,c2c4a49f-ad06-4f57-b029-98f5c135dd6d,8a38dc4b-1555-4e4f-8678-2233e57f6d53,08cf7396-0f2f-4d30-a38a-6e923977afa7,B1ROH4gBLW,1
18,db0f539f-d2f5-4c7f-b1fe-97d1c9e5edb2,8a38dc4b-1555-4e4f-8678-2233e57f6d53,a9aa3102-d7f0-4fe3-9fb0-fc69990e44ee,HkyeOBVxH8-,1
19,9f9d4b75-1308-4414-8db3-250316dada65,8a38dc4b-1555-4e4f-8678-2233e57f6d53,9b0b72d5-a211-4f08-b385-a702476c1070,HklgdH4eHUZ,1
20,a9c2745b-30b3-4e5d-bc58-1daeb3f028ca,8a38dc4b-1555-4e4f-8678-2233e57f6d53,d1db3438-dc39-4d42-8250-bd63d8aca2e9,SJWxuB4erL-,1
21,00fe0bb4-d7d3-47d2-8c38-25dba784c8ac,8a38dc4b-1555-4e4f-8678-2233e57f6d53,e936d822-e348-4e36-b18c-3d50cb46736e,B1GluHNxB8Z,1
22,1b8e7fa0-df96-4362-8ca4-f31890b0cddd,8a38dc4b-1555-4e4f-8678-2233e57f6d53,a5c9f69e-fd97-42f1-8d8f-26ca025f943e,S1XeurVlS8Z,1
23,95467018-9a82-411f-90e5-e1d2dc88d2b6,8a38dc4b-1555-4e4f-8678-2233e57f6d53,ea70cc5e-9485-46e7-b69a-2f4dc4168e24,BJElOB4gHUW,1
24,5d2c5c61-7928-4b9a-9199-ccde49b7963e,8a38dc4b-1555-4e4f-8678-2233e57f6d53,48a28a0b-432c-4c22-8d1e-1743d2cf4b01,ByHluSEgHUb,1
25,af475c93-ccd7-4243-adbf-69bf58c3c1b5,8a38dc4b-1555-4e4f-8678-2233e57f6d53,945b7010-2155-414f-af7e-f606e0614917,ry8l_r4eBLb,1
26,76cc3759-3283-413e-9d23-fd3ac1e803a6,8a38dc4b-1555-4e4f-8678-2233e57f6d53,dc718cf0-6644-435f-b584-1fd50ce4339a,H1vg_HNgr8b,1
27,8a4fe37c-6eb0-4210-b3f7-d80355b52dd2,8a38dc4b-1555-4e4f-8678-2233e57f6d53,be1f7c21-8002-4ef8-ab9a-5a9029becfd2,H1uxOSElS8Z,1
28,aafcb712-f2e1-4e49-9e4c-83076e3ca46c,8a38dc4b-1555-4e4f-8678-2233e57f6d53,884becdf-f798-43da-85e4-cdff1d22fb14,S1FeurElr8Z,1
29,dd691708-82de-4bd0-b448-719d4cdc24fe,8a38dc4b-1555-4e4f-8678-2233e57f6d53,d02ad2c1-3ffc-45b7-871e-21e38743f30d,r15gurVgSL-,1
30,b8858266-91d3-4097-90d6-d30240f49e1c,8a38dc4b-1555-4e4f-8678-2233e57f6d53,8759f0b4-eb8a-4c34-84db-158acf1e085c,HJsgdrVeSL-,1
31,da89fdf6-fb43-4622-85f8-8b271c54d603,8a38dc4b-1555-4e4f-8678-2233e57f6d53,3de691e8-cc8f-4147-be94-4cac825d46bd,SkhlOS4eBIb,1
32,258db153-cc4e-441a-8c42-e7a55ac124a1,8a38dc4b-1555-4e4f-8678-2233e57f6d53,79755f6c-7477-4dfa-92d0-97c881040217,SyTg_rVerIZ,1
33,87c0e341-5317-4884-a22a-c8a88a916011,8a38dc4b-1555-4e4f-8678-2233e57f6d53,54b474b4-1a8e-4cb9-a434-6d95a61e6581,rJRgdrVerL-,1
34,188813b8-487c-4dde-98da-adf69de8e89d,8a38dc4b-1555-4e4f-8678-2233e57f6d53,1f904112-69f2-4b86-ab80-f0b10d25c735,r1kZuS4erL-,1
35,b014722c-21c5-4a45-b30b-4b3acad40b8d,8a38dc4b-1555-4e4f-8678-2233e57f6d53,e11529e4-2da7-4adf-bb42-7f271292d0e7,r1xb_rVeSLb,1
36,a716492c-84eb-41fd-8e27-e41d16d87f6f,8a38dc4b-1555-4e4f-8678-2233e57f6d53,36cd9206-d301-4153-80d7-d852cba30c8b,BJWbuBVlHLb,1
37,0c6d90dd-2fdc-4cce-8076-540789b98af1,8a38dc4b-1555-4e4f-8678-2233e57f6d53,6816b9a1-5ef5-44bb-ac74-bd9635e32eae,BJGWOBNeHUb,1
38,311af3d0-3ff7-4361-a84e-fc380e23ea0c,8a38dc4b-1555-4e4f-8678-2233e57f6d53,bf1e8e46-a8a9-4d08-b412-0e1081f3cba1,By7-OH4eS8-,1
39,9290b648-f867-4ca5-acc2-bc1792d3c35b,8a38dc4b-1555-4e4f-8678-2233e57f6d53,99f95e44-df35-4ecf-8b74-1819bd0549c9,BJEZ_SExBLW,1
40,83d88dfa-2d58-46c4-85d0-873f1c2418ff,8a38dc4b-1555-4e4f-8678-2233e57f6d53,948985d1-f35f-49b2-b1aa-74eeff21e9a1,SJBb_SNgBLb,1
41,e2267300-29e9-4e98-ae6c-344e34bec11d,8a38dc4b-1555-4e4f-8678-2233e57f6d53,8be3ea27-09e9-448e-b12b-f4068bbb0d4f,BkLbOH4gHU-,1
42,4df5e2e2-db57-4c9e-aa0d-329f12cf6d67,8a38dc4b-1555-4e4f-8678-2233e57f6d53,e4c5a074-650a-46be-a822-647fdf231d2f,BkvbOBVerLZ,1
43,17b68faf-bcf6-49ae-9260-9317ec362df1,8a38dc4b-1555-4e4f-8678-2233e57f6d53,87ed71b2-9aa0-405f-b196-76bcab713fd0,HkObOr4lSUb,1
44,461ff156-eba9-45c8-85c9-71d26724b428,8a38dc4b-1555-4e4f-8678-2233e57f6d53,851616f6-53f4-4992-9c4d-bcf1a973e1cb,rJYWOrVeHUW,1
45,61658517-0515-48f7-bd32-9ddfc6e0ea1a,8a38dc4b-1555-4e4f-8678-2233e57f6d53,2ff84bf3-727c-4f7a-ad69-ffff6c5ec168,rkcbdSNgHUb,1
46,8be7e7c5-24a1-4a09-829a-7381608e8b9c,8a38dc4b-1555-4e4f-8678-2233e57f6d53,9487ebcb-9fa8-4b67-a8ad-233257412d11,Bks-dB4lB8-,1
47,aff4b866-7257-484d-a98b-cd4c1b25f7df,8a38dc4b-1555-4e4f-8678-2233e57f6d53,da887363-7337-49d4-91f7-d7a83857676e,SJ2bdr4gHI-,1
48,2dacdeb1-3aa1-4659-b5e0-ba5ada3d3112,8a38dc4b-1555-4e4f-8678-2233e57f6d53,45cba747-15c3-4b26-b481-95eb0db3bb8b,Hk6WOHExBIW,1
49,79e338a0-90a5-49c2-a88e-e23ee0089a63,8a38dc4b-1555-4e4f-8678-2233e57f6d53,00bfb502-54bb-46d5-b8c0-73ee241c63d2,HJ0-OrNlr8Z,1
50,c1f6b2b3-ce19-4ca7-b0cd-09135cfe90c0,8a38dc4b-1555-4e4f-8678-2233e57f6d53,b9aeb392-89e1-4723-9655-6ce313b36dc4,Sk1zdHEeSLW,1
51,365cf4e3-a384-4e8e-9a28-a51b803aa52a,8a38dc4b-1555-4e4f-8678-2233e57f6d53,a889a6bf-8c09-4061-9dda-c3816f96bc69,HJgfdr4gSLb,1
52,eb5f52a9-7c24-4185-82a2-0aa0f99d8bac,8a38dc4b-1555-4e4f-8678-2233e57f6d53,d5f596b9-083d-4137-b80c-b62f909f78d1,rkZG_SVgr8Z,1
53,a9cba225-3deb-4d18-8cd1-217061cae6b3,8a38dc4b-1555-4e4f-8678-2233e57f6d53,bbd9d6ec-2b43-4048-99c0-b011db6ad341,SyGG_r4eSUb,1
54,b1fd872d-cb8f-4792-8542-79212a2e378e,8a38dc4b-1555-4e4f-8678-2233e57f6d53,076f95b9-307c-4493-89e6-f41a3b9b5881,S1XfuBVeHLW,1
55,c9f438aa-fb41-4f5a-98dc-0a71e5e6b562,8a38dc4b-1555-4e4f-8678-2233e57f6d53,bea023e2-4f36-4f55-9ad4-61b318b7a598,B14MuHEeSLW,1
56,d54ef6bc-cf15-4f5a-af90-c4a8aec2c469,8a38dc4b-1555-4e4f-8678-2233e57f6d53,990a3b1e-4121-4cb9-b41f-3e5f4bd34d63,rySf_r4lrU-,1
57,0e7f5c06-8722-4874-b9e9-c9c9d96ca6da,8a38dc4b-1555-4e4f-8678-2233e57f6d53,df2ada62-26d8-44ec-a73d-1edf5576042c,B1LMOBEgSUW,1
58,135dbbb4-5e7d-4169-88eb-69493c3e37db,8a38dc4b-1555-4e4f-8678-2233e57f6d53,21e6216c-72b3-4391-8518-a9068c10d683,SkPfOHEgrUW,1
59,673e13fa-c346-40cd-a464-5a3956b41aba,8a38dc4b-1555-4e4f-8678-2233e57f6d53,3a9a4946-bbce-41cd-87c8-5368237e16d6,SJuGuS4eHLW,1
60,c6ca30ee-47ca-4250-abb0-8730f7e45074,8a38dc4b-1555-4e4f-8678-2233e57f6d53,8442fd06-769a-4403-abc2-c5ddaf8bcce0,BJKfuHVeBLW,1
61,b7d7ba88-1556-4180-8e5f-1483b457ca75,8a38dc4b-1555-4e4f-8678-2233e57f6d53,d6461c88-9412-49b7-bf52-752fbded34ee,BJ5fdSEgHUW,1
62,69d4feb7-196c-4aaa-aa7d-8ab9e9f118a2,8a38dc4b-1555-4e4f-8678-2233e57f6d53,c8b342b8-6770-45cc-9ecd-044d40eeb186,rksMuHNeHLZ,1
63,35e3bdc7-0633-4a22-be18-291e7d6ad159,8a38dc4b-1555-4e4f-8678-2233e57f6d53,e3ad0d1a-1dce-42c6-9303-0cedcb63654b,rJhfdBNerLb,1
64,825315f1-685a-4045-ac7f-428eb6bac368,8a38dc4b-1555-4e4f-8678-2233e57f6d53,1f83b977-e6cb-4dfb-8782-a090cfb9da83,B1pfdrNlHUW,1
65,f7648ef7-f49d-4b8e-a27b-eb768b83f03a,8a38dc4b-1555-4e4f-8678-2233e57f6d53,d52f7987-15a3-4b89-8314-e692936fc6d9,By0fOS4lB8W,1
66,b55d4203-3bff-4ed5-a3d9-a64a349b2dde,8a38dc4b-1555-4e4f-8678-2233e57f6d53,1c07f0d7-2767-4065-b85c-f263a223bc2c,BkJ7uHNgrIZ,1
67,80e961fa-c00f-40df-8b4a-7a4ace56b5b6,8a38dc4b-1555-4e4f-8678-2233e57f6d53,7ed44f39-f764-4e98-b957-aa99ea79444f,H1gmOBElS8W,1
68,6018761a-c77d-43d2-a30d-c79aa9436952,8a38dc4b-1555-4e4f-8678-2233e57f6d53,58e608a7-c35b-4382-a5d0-7341673eb184,r1WXdSVgS8W,1
69,7718b48a-ac92-4b34-a644-de2915eafc36,8a38dc4b-1555-4e4f-8678-2233e57f6d53,e030d402-7b09-4b4f-aaae-8a48dc32450c,ryzXOHExBU-,1
70,61aa4dfc-75cc-4057-8622-8f91369416ac,8a38dc4b-1555-4e4f-8678-2233e57f6d53,c79a305e-9c57-4621-b7ea-f687c591b7eb,rJ7Q_HVxBLZ,1
71,a8386b8a-a486-4d53-8316-3e662f040676,8a38dc4b-1555-4e4f-8678-2233e57f6d53,0f6da16d-1672-471a-9c37-30b804277761,S1Vm_HNxrU-,1
72,c964ba1f-db1f-45d7-b291-dab994b69f3a,8a38dc4b-1555-4e4f-8678-2233e57f6d53,7be4bbb4-b9a4-46cb-8be2-6a68dc37a573,r1BQdr4eSIb,1
73,7ee2aae4-71c3-4c9d-90e0-b07a4ea894dc,8a38dc4b-1555-4e4f-8678-2233e57f6d53,bcfa67a3-da67-4c7b-864a-fed82fb174a2,S18mdBExHI-,1
74,c291458b-cd81-4286-8b08-5048927f612e,8a38dc4b-1555-4e4f-8678-2233e57f6d53,3e683f3d-caa8-47f7-b1e1-1a819728880c,S1DQdHVgSLW,1

